#{"t_start": 1614269377.5518239, "env_id": "ObstacleAvoidanceMir100Sim-v0"}
r,l,t
-111.228665,500,111.713609
-241.970038,361,190.315702
-135.382007,500,298.595794
12.868063,500,405.426379
-216.602753,121,431.32534
-269.571411,135,462.414137
-298.807004,263,519.761543
-84.672971,500,628.152261
-3.780482,500,735.773746
-221.950249,426,825.926946
-235.696407,488,930.301717
-37.175434,500,1038.202149
-190.690816,358,1113.363967
-184.426761,315,1180.834656
-182.650119,287,1243.024548
-174.306251,120,1268.947512
63.353924,500,1375.168059
-13.849826,500,1483.021617
-195.084068,258,1538.05684
2.072124,500,1644.899096
-11.279041,500,1751.437721
-52.02588,500,1857.77702
-17.689004,500,1964.801343
-147.191881,206,2008.990761
4.943077,500,2116.135036
-155.2604,157,2150.169228
0.915224,500,2265.357699
-191.997038,313,2348.201539
-38.872331,500,2483.680512
-21.556272,500,2612.894651
-187.314492,353,2688.300419
7.386476,500,2794.521623
-165.529245,441,2888.20153
1.169195,500,2994.045089
-152.337939,68,3009.2018
-116.927913,205,3052.664551
-177.201695,284,3113.628084
-13.351725,500,3219.152538
-32.515644,500,3324.977128
-169.12882,152,3359.156628
-154.1626,209,3405.387629
-162.286508,144,3436.923935
-7.032959,500,3544.734438
-170.215888,212,3589.995101
-0.667027,500,3696.503127
-32.304637,500,3802.330873
-146.211473,344,3876.06599
-162.202888,410,3963.39905
-167.134178,100,3986.072223
-217.245139,483,4089.861069
-179.352839,418,4179.425049
-200.188264,101,4201.544172
-168.495344,380,4281.798423
-20.933967,500,4388.193234
-147.893008,281,4447.952998
8.559168,500,4554.745721
-192.308409,98,4576.233869
-215.718474,457,4674.31377
-119.226854,233,4723.405615
-60.074737,500,4829.929642
-13.274631,500,4936.073611
14.195737,500,5042.210874
-194.852275,224,5089.651976
-13.28293,500,5197.334286
-148.954836,104,5219.057025
-172.65385,213,5265.020767
-141.883969,126,5292.107567
-182.923796,168,5328.83936
-153.696018,140,5360.114225
-157.581633,347,5432.74339
-47.824021,500,5540.409561
-193.950208,201,5583.447882
-164.947163,155,5617.517695
13.240156,500,5724.598744
-170.490983,127,5751.503264
-144.99586,135,5781.13635
-17.367214,500,5887.222583
-153.895848,128,5914.296176
-176.805079,150,5947.719701
-27.076046,500,6053.951801
-160.454619,101,6076.23148
-39.021163,500,6183.350473
-121.367778,233,6233.678672
-166.696857,274,6292.462737
-34.407465,500,6397.173139
-163.540327,111,6421.236067
36.980369,500,6527.942521
-206.411526,17,6533.194834
-183.577329,256,6594.694278
-147.87408,216,6640.757407
-137.209367,299,6703.503526
-21.467039,500,6809.576647
-172.110484,186,6849.310393
-173.899018,58,6862.98668
-179.003855,136,6892.89872
-150.968777,109,6916.095273
-19.27486,500,7020.9285
-155.878028,431,7111.507453
-113.965891,144,7141.659117
-233.996964,116,7167.002329
-120.58417,191,7207.948149
-137.146264,331,7276.796671
-135.186674,356,7350.891636
-143.065686,134,7379.574281
-169.221535,110,7403.147353
-144.647791,105,7426.169133
-163.492847,38,7434.790397
-59.84221,500,7537.440286
-188.264346,215,7583.034542
-55.831223,500,7689.05886
1.267437,500,7793.794895
-153.836456,323,7862.233671
-185.592549,494,7966.508678
-149.731641,64,7980.152148
-196.217332,108,8003.880392
-20.290417,500,8108.787739
-153.494264,99,8129.840526
9.17643,500,8234.917144
-159.167289,318,8303.045495
-183.685611,326,8372.489888
-14.016669,500,8480.308887
-31.255479,500,8585.701956
-186.384425,210,8630.328563
-183.684649,120,8656.349949
-167.796134,238,8707.044225
-159.934392,174,8743.850791
-129.56652,197,8785.624111
-170.205376,335,8855.819466
-183.652587,101,8877.680413
-117.199317,170,8913.536893
-136.432802,190,8953.52234
-142.59363,94,8973.905536
-183.236057,192,9014.76539
-165.878063,97,9035.243153
73.422191,500,9142.831126
-146.623001,161,9176.531191
-178.770437,17,9180.564404
-125.281305,257,9235.18518
-23.616743,500,9341.306365
22.931427,500,9447.514448
-10.736887,500,9551.42985
-171.293748,318,9618.787165
-154.534876,63,9632.727177
-156.314343,170,9668.579244
-34.70729,500,9775.761264
-5.447807,500,9883.332832
-4.541627,500,9989.096169
-137.642763,91,10008.783817
-113.217451,336,10079.548835
-34.526095,500,10184.733426
-173.725211,36,10193.106989
-165.269023,163,10228.193508
-168.131854,80,10245.569525
-144.464787,114,10270.116177
-173.665877,176,10307.657395
-166.056587,77,10324.134881
-161.540922,106,10346.780821
-129.240939,103,10369.747262
-29.532589,500,10474.385443
-144.216415,249,10527.36331
-214.364654,465,10625.020989
-83.013378,182,10664.180041
-167.964747,382,10743.407185
-115.827812,271,10800.469986
-111.743952,204,10842.393327
8.596169,500,10947.276674
-172.982475,46,10958.043957
-19.081172,500,11060.9307
-147.560955,182,11099.058615
-172.515105,88,11119.114099
-141.440198,456,11213.44274
-123.939616,149,11245.14966
-49.869381,500,11348.663553
-172.801089,68,11363.686277
-97.169828,287,11423.464106
-107.622337,128,11450.462746
-132.452703,151,11484.086465
-143.171211,67,11499.284082
-163.366504,273,11556.548707
-168.572231,146,11586.874355
-135.774833,128,11613.897262
21.029976,500,11719.301046
-146.577585,119,11745.217991
-171.283892,55,11757.682959
-204.419336,153,11791.212601
-124.652621,111,11815.302829
-47.494416,500,11920.446989
10.700219,500,12027.110204
-148.95751,315,12093.289031
-125.217559,261,12148.787927
-147.942543,127,12176.761578
-3.542677,500,12282.531515
-162.090102,72,12298.8082
-58.498574,500,12402.261979
-124.076772,242,12452.97663
-122.808128,75,12469.223119
-103.333259,88,12487.551044
-17.440843,500,12591.890656
-6.064731,500,12696.700462
-19.996399,500,12801.916241
21.299518,500,12907.498934
-49.661425,500,13012.35304
86.726466,500,13117.837662
-111.645148,344,13189.790694
-149.898619,120,13215.848933
-153.777158,225,13264.345622
7.182557,500,13369.072079
18.952487,500,13473.703889
-214.929902,208,13518.759728
20.713859,500,13624.583925
-17.441239,500,13732.066546
15.957016,500,13837.80219
-49.537248,500,13944.418126
-183.140707,462,14041.247673
-135.78582,135,14070.740575
-146.535041,119,14094.728436
-136.675215,104,14117.248496
-151.39477,243,14168.680307
128.005161,500,14273.969038
103.313451,500,14380.773584
-185.929302,53,14392.549433
-120.624716,110,14416.383517
-116.271397,452,14509.950834
-212.12803,470,14609.382216
-209.028078,388,14691.487092
-16.030792,500,14797.970572
-43.93948,500,14903.847516
-190.950586,389,14986.871188
-164.695167,391,15069.415904
5.403,500,15173.844288
2.25121,500,15278.995436
-203.732069,299,15341.274464
246.233762,385,15422.151558
-77.124183,347,15493.791082
-130.242514,96,15514.090343
-211.253619,480,15614.375993
-102.750464,100,15635.201845
-76.820781,500,15741.55555
-119.182364,91,15760.568687
-129.745297,211,15804.311142
65.203958,500,15908.455387
46.217649,500,16012.852486
-215.359069,191,16053.858716
-132.302736,207,16098.226253
-116.790925,199,16140.576502
-155.761219,258,16194.51431
-117.470175,110,16217.450588
-198.29432,163,16252.654602
-187.975261,163,16287.433042
-162.22997,122,16313.192789
-154.882002,77,16329.743973
-178.033196,48,16340.709672
107.170772,500,16445.158363
-158.823366,68,16460.196781
-181.709945,97,16481.414151
-124.114867,67,16496.088626
86.516959,500,16600.963111
-162.559422,90,16620.603941
115.52333,500,16727.426246
-243.194286,355,16803.139251
-118.798387,99,16824.454554
-138.775809,112,16848.741995
-147.574835,104,16871.203734
-148.708678,190,16912.524062
-169.342935,426,17002.15862
-183.161037,217,17047.927783
-109.614453,89,17067.574417
-184.119953,163,17102.833526
-161.261712,110,17127.451064
-145.815535,201,17169.295293
-12.993157,500,17275.006913
-131.031541,131,17303.584316
-139.462002,149,17334.627091
-171.245985,413,17421.070741
-105.998572,202,17464.336712
51.565917,500,17569.29693
-153.395623,107,17592.675144
-111.678668,113,17616.231752
-101.163854,93,17636.405094
3.627611,500,17743.988609
51.276317,500,17849.439227
-178.600991,39,17858.640459
-118.519087,202,17901.253105
-148.855805,58,17913.425014
-162.362588,155,17946.653938
-103.266051,133,17974.602645
-49.151889,500,18082.104962
-135.140068,65,18096.309989
42.077148,500,18201.762054
-32.172134,500,18307.890349
-31.541676,500,18413.448351
-14.246074,500,18518.400612
0.346659,500,18624.626848
-148.350538,368,18702.802606
-52.713226,500,18809.837609
74.823151,500,18914.27242
2.419092,500,19020.050704
15.410083,500,19125.280393
-189.246415,184,19164.635175
-40.327152,500,19270.17824
-16.582238,500,19376.498629
-27.218116,500,19480.894748
-222.993098,451,19577.27149
-176.160026,111,19601.513478
-163.72715,325,19670.413471
-82.191785,500,19773.895391
-152.729311,170,19810.884814
-135.667854,124,19837.410328
6.729647,500,19944.48394
-161.998711,386,20026.530894
-126.394851,168,20062.307437
-171.868486,450,20156.687486
-192.465163,373,20234.613935
-150.634269,78,20251.515424
-56.276811,500,20359.929426
-180.80251,100,20381.298586
-154.019314,72,20396.758444
39.702809,500,20502.418945
42.95192,500,20606.686952
-187.518641,364,20684.846975
-159.442529,45,20695.580314
-113.486805,129,20723.37097
17.790269,500,20828.192947
-9.410955,500,20935.138037
-167.16791,98,20956.53225
12.053183,500,21061.531186
-166.481203,133,21089.633924
-77.531105,500,21196.216992
30.570283,500,21302.150791
-180.79572,60,21315.381441
21.415076,500,21420.760618
-149.443552,93,21440.689262
102.282586,500,21545.495827
-142.159315,49,21556.1877
-146.92348,106,21578.503536
-129.091494,77,21594.845933
-11.297655,500,21700.697924
-151.562068,207,21744.169167
-144.784593,402,21828.709065
36.656539,500,21933.472513
-98.380151,405,22018.327179
-167.475423,489,22120.218735
-107.306055,100,22140.877232
-82.999074,500,22246.94054
-74.911324,500,22352.757278
-175.180407,139,22382.734001
101.537822,500,22487.404092
-143.908988,59,22500.16661
-28.205702,500,22606.125349
-14.662976,500,22710.25296
-13.122281,500,22814.53242
118.82721,500,22920.876196
104.327976,500,23027.33151
-173.751431,34,23035.683535
58.225777,500,23140.74479
-139.156481,61,23153.109914
-64.693487,348,23227.354177
-134.031539,61,23240.708277
29.700917,500,23345.225435
-135.782958,457,23440.704045
152.308278,500,23545.26728
-163.996906,118,23570.295641
-86.297215,500,23675.425998
0.64033,500,23780.231909
41.40997,500,23883.38937
-131.097406,131,23911.447278
26.278846,500,24015.222978
-117.311368,96,24035.884916
-116.940854,101,24058.063372
-131.246285,107,24081.495533
78.52361,500,24186.266017
-173.254527,168,24221.146518
-109.64496,181,24258.341377
-50.383327,500,24363.563064
41.403418,500,24467.808538
-138.39481,160,24501.626848
-169.788894,259,24556.006925
-101.948958,134,24584.19498
-118.781935,122,24610.251797
-180.743997,233,24659.746013
-175.171366,264,24716.114677
-85.932887,500,24824.259511
-80.542229,146,24855.244428
-41.245151,500,24961.131783
-175.666596,245,25011.760354
10.349603,500,25117.781797
-187.994,86,25137.284613
-174.357964,182,25174.923172
-34.084291,500,25280.38883
19.550213,500,25386.402365
-172.469224,163,25421.580708
11.936828,500,25526.691728
-183.335304,269,25583.323082
16.997734,500,25686.987718
-163.048798,98,25708.776708
-138.438526,298,25772.428384
72.526356,500,25878.637977
-169.555308,66,25896.076454
-122.295015,198,25945.130516
-30.021411,500,26067.730104
-113.906532,241,26125.453562
-138.33557,200,26171.243298
-113.478758,179,26209.380318
-21.033993,500,26317.504843
23.881024,500,26424.404465
-172.192,47,26434.675304
-150.329928,134,26463.264891
-0.967939,500,26570.262572
-168.675061,37,26579.283464
-100.262878,201,26621.961861
-18.038521,500,26726.749305
-97.777479,258,26781.646384
-188.925255,270,26837.15516
-148.189349,160,26871.062794
-139.322788,174,26908.644175
-137.357933,118,26933.633264
-179.937646,418,27019.859804
-190.877397,69,27035.029044
-187.057363,92,27054.588305
-167.988914,258,27109.345585
-133.979921,200,27151.05266
-173.516764,48,27161.275022
-168.478005,113,27185.010629
-139.646034,183,27222.761937
-148.8974,77,27239.369813
-124.726595,152,27271.861093
-111.953514,148,27302.848838
-156.697738,77,27319.261907
-159.727739,108,27342.39798
-163.326128,87,27361.089837
-160.670014,146,27392.71215
-14.788435,500,27496.792635
-176.035948,56,27509.100555
25.968185,500,27611.81495
-171.884282,73,27627.932305
-145.811146,129,27654.262266
-113.284034,100,27675.733197
-3.681842,500,27780.037176
-160.088548,80,27797.533894
-164.165196,244,27849.030954
-123.328741,277,27906.864396
-145.944689,448,28000.562517
-143.222988,196,28042.29877
-160.769152,44,28052.096894
-190.336044,173,28088.886836
-169.095087,335,28158.272959
-139.238724,90,28178.588485
-130.742205,126,28204.788516
-136.739051,139,28234.077139
-150.209701,134,28263.085379
40.464605,500,28366.176384
-188.973098,17,28370.716341
-139.313745,361,28446.679574
-170.141889,352,28519.687564
-153.423496,191,28560.003922
-154.953054,82,28577.462928
-188.50966,414,28664.844506
-166.408712,223,28711.942756
-21.336827,500,28817.110953
-144.765643,107,28839.439994
-151.188591,99,28861.068149
-143.333692,94,28881.838638
-124.153194,149,28912.563579
-129.148738,106,28935.331631
-185.431438,50,28945.830467
-132.569987,102,28967.355705
-21.445736,500,29072.246349
-195.666133,5,29074.108403
-184.96529,467,29172.290413
-115.467632,211,29215.766466
-163.176552,225,29263.170021
-153.391778,163,29296.703562
-141.405176,172,29332.388301
-154.180646,96,29353.89845
-109.494264,200,29400.676535
-111.273807,240,29452.26464
-185.725609,110,29476.633677
-162.907384,123,29504.064704
-169.32169,95,29524.895055
-129.780476,111,29548.079457
26.819269,500,29651.944817
-135.123605,117,29676.630485
-198.534598,430,29765.646717
-170.560209,112,29789.519777
-161.981918,193,29829.526858
-148.817669,143,29860.464908
-154.825281,74,29876.97945
-154.750682,235,29926.591661
-139.172553,238,29976.756125
-136.543534,213,30022.745453
-118.894132,130,30051.24686
-130.45806,157,30084.914151
-166.103252,91,30105.015181
-27.161251,500,30209.628559
-153.751103,178,30248.365097
-147.044507,136,30278.145525
-165.028709,166,30313.899596
-130.5932,212,30359.352212
-181.534999,21,30364.732186
-114.554805,109,30388.358654
-131.40944,160,30421.728448
-160.804671,111,30446.530425
-151.011028,89,30466.038994
-182.307333,59,30479.5516
-126.605392,267,30535.046829
-144.691583,129,30561.621255
-153.888451,85,30579.967727
-141.225813,115,30604.474433
-123.69718,186,30643.9465
-178.987614,37,30651.975114
-166.699367,175,30690.785546
-129.138515,110,30713.906897
-154.401732,84,30731.278763
0.094869,500,30839.459746
-179.083173,102,30861.294712
-114.627981,230,30909.434664
65.117574,500,31013.42818
-151.115319,107,31036.242315
-49.987938,500,31142.078993
-174.782193,428,31232.129706
-131.029779,124,31259.168781
23.691095,500,31366.427209
-132.192037,278,31425.267579
-156.287019,124,31451.75404
-161.307002,98,31472.832603
-173.603004,369,31552.55338
-140.379973,134,31582.016434
-171.175424,68,31597.79817
-162.170105,77,31615.338534
43.794316,500,31721.92594
-159.231298,48,31732.923087
-135.242628,89,31752.57443
-174.184425,73,31768.734857
-198.077739,26,31775.109039
12.913532,500,31880.553859
-143.02973,101,31903.279469
-182.030876,46,31913.57608
-148.191252,105,31936.559581
-137.785058,78,31953.406836
-155.895692,92,31973.794723
-147.668825,265,32029.046079
-165.946201,39,32037.356713
-107.228661,216,32084.05558
-137.122459,100,32106.224116
-139.867053,103,32128.76056
-156.769849,140,32159.221833
35.688292,500,32265.130828
-153.292705,67,32279.364337
-164.641415,189,32319.572897
-129.641657,151,32352.008941
-153.693687,112,32376.81839
102.787984,500,32482.434577
-130.503968,177,32521.111228
-199.890719,241,32572.718069
-11.895557,500,32679.555108
-198.650981,283,32739.793132
-182.691848,157,32773.603539
-50.722353,500,32881.408038
-36.975132,500,32989.256119
-184.183643,424,33081.389945
-7.30947,500,33188.199442
-30.388215,500,33293.974517
17.335969,500,33401.373712
-203.127829,222,33447.31113
81.083865,500,33554.326843
-158.92035,83,33572.416491
-181.477607,88,33591.326834
-164.953431,38,33600.831255
-136.166837,469,33701.265313
-169.784318,45,33711.73289
-150.62251,44,33721.055532
-23.664282,500,33827.087165
-175.074357,254,33881.223294
-67.486592,271,33939.777058
37.767026,500,34045.933755
-142.327743,95,34066.129194
-114.186911,88,34085.573192
-170.257527,55,34097.633717
278.053594,231,34146.260964
116.068843,500,34252.248536
-130.043748,322,34320.860626
-155.469812,80,34338.156681
-35.664338,500,34443.8165
-133.32512,208,34487.889967
-0.987834,500,34596.067565
-34.343094,500,34702.336987
47.981931,500,34809.734366
-170.538952,381,34892.167304
2.837626,500,34999.734986
-178.98297,440,35093.309721
-28.819769,500,35201.582784
91.938686,500,35308.816326
-205.612577,265,35365.509485
109.449057,500,35471.90761
-154.321654,192,35514.099965
-197.807699,474,35615.60595
-131.308111,361,35691.134121
-81.37787,188,35730.321802
-117.708606,211,35775.375834
-154.502681,435,35865.739397
-162.853543,161,35901.035555
-238.630764,301,35965.349444
70.486696,500,36072.845389
67.023256,500,36178.43212
-106.326803,131,36206.548753
-195.230431,194,36249.285029
-128.520518,151,36281.362257
2.962228,500,36386.953499
-200.143659,71,36403.167223
-137.660508,64,36416.992426
-122.738179,134,36446.560239
-170.366756,230,36497.155788
-120.015803,206,36540.061482
-147.632482,150,36572.489066
-140.902732,217,36619.392905
-149.218718,108,36643.065315
-182.05461,64,36656.905516
-154.906624,47,36667.326859
-155.349015,47,36678.223447
-194.166827,37,36687.056575
-123.59647,485,36793.044417
-82.135479,147,36824.994863
-150.631886,139,36854.832217
-2.868308,500,36961.601613
-146.579491,317,37028.573196
-128.824334,182,37067.769238
-66.228269,500,37176.012436
-141.007488,52,37187.757185
-118.490432,132,37216.420421
-172.458057,36,37224.914678
-130.509253,192,37265.821201
131.196562,500,37371.571473
-69.983678,500,37479.002415
-129.400801,195,37519.150023
-114.852148,152,37552.717898
-182.080609,196,37594.262564
-100.60644,80,37612.039736
63.426638,500,37718.958038
-180.272383,392,37802.655807
-137.265516,282,37861.862449
-140.47115,429,37953.390051
-163.042961,92,37973.840227
-188.192324,472,38072.617683
-168.483829,33,38080.30373
39.80163,500,38187.640709
78.051802,500,38295.207659
-137.327485,407,38382.45387
-189.899603,61,38396.329636
-5.957582,500,38503.211747
78.86206,500,38609.94605
-14.180688,500,38717.878233
126.854744,500,38822.49555
-122.437796,57,38835.562568
42.415171,500,38941.3902
-151.272885,49,38951.882792
103.228825,500,39056.400251
-204.810866,50,39067.773938
30.610221,500,39176.858303
-167.547496,67,39192.407023
-167.725798,135,39221.997788
-4.975708,500,39329.310961
80.356653,500,39436.895103
16.657523,500,39543.638495
52.653777,500,39649.685463
-163.513551,153,39682.991134
94.837822,500,39789.438543
59.143016,500,39894.148528
70.76355,500,40000.341905
-161.264584,41,40009.961247
-144.723756,95,40030.548133
-111.742043,114,40054.337184
39.648229,500,40161.595813
62.180545,500,40266.966475
-131.762932,389,40350.578298
-101.656167,86,40369.304545
-84.143451,499,40477.226746
-12.083335,500,40583.409937
103.158203,500,40690.854552
-149.579149,99,40712.417595
-158.969675,66,40727.420104
46.665359,500,40834.220078
83.831961,500,40940.789246
-116.362251,250,40995.293916
-76.190204,406,41081.243141
-101.220278,128,41108.717599
-207.476292,253,41162.701784
41.453855,500,41269.497825
61.893683,500,41376.850079
-99.743659,255,41430.801573
-147.387245,250,41484.462829
-98.460465,134,41513.177861
-133.562401,66,41527.87469
-195.852821,274,41587.416558
-131.353896,233,41637.074172
-130.264577,363,41715.001797
-149.091235,46,41725.165104
134.083849,500,41833.284275
61.316525,500,41940.325621
38.670359,500,42049.240571
98.584043,500,42155.20554
84.590921,500,42260.743096
64.780262,500,42366.564867
136.938751,500,42471.952332
-148.283381,99,42493.546209
-23.600092,500,42598.736348
-152.403892,48,42609.536444
38.442048,500,42713.506301
-161.326572,82,42732.690585
-141.458458,69,42748.066338
-163.775166,36,42756.079424
-150.304357,228,42804.714656
97.185398,500,42910.959707
20.263959,500,43016.49472
-164.099691,76,43032.827544
-100.940715,198,43074.931367
-92.458145,386,43156.241311
-128.537848,148,43186.973879
-79.850465,146,43218.273741
-149.575786,82,43235.663423
-135.124637,87,43254.213858
70.717999,500,43360.034373
-135.55365,83,43377.325408
-119.779176,85,43395.759924
-115.252755,142,43425.68417
-168.291146,90,43445.140152
-150.843433,91,43464.458127
125.100005,500,43569.879937
-163.179902,69,43584.968006
-143.204942,141,43614.602938
-185.097633,304,43679.550697
63.208229,500,43784.820347
97.459774,500,43890.81761
-151.975754,112,43915.001868
-156.144979,189,43956.039516
-94.633174,103,43978.149794
30.377033,500,44086.28344
-169.215057,91,44105.831038
-125.464721,287,44168.166746
276.063151,492,44272.178551
137.458395,500,44377.936934
-121.685804,144,44408.855276
97.403732,500,44515.081823
-145.196603,159,44550.147433
-99.254953,204,44593.312669
163.44523,500,44698.651447
-104.211085,177,44737.001132
-89.681632,263,44793.215842
112.707159,500,44898.758804
139.719331,500,45005.09186
73.548805,500,45111.37017
-149.93822,116,45136.624362
72.210013,500,45242.873762
-68.425424,366,45320.163793
-94.290281,107,45343.079972
-58.519773,345,45416.21107
-8.866402,500,45522.42482
-133.886717,191,45563.213737
-129.069292,56,45575.806376
-142.199679,149,45607.602842
-2.977651,500,45712.516718
-145.574843,147,45744.566578
-135.125885,117,45769.947371
249.116383,325,45835.548535
-143.739811,215,45882.077638
79.826819,500,45988.70623
264.003719,297,46053.102481
-178.015157,180,46092.349376
-117.180723,267,46149.939236
120.976775,500,46256.946536
-119.067534,255,46311.610886
-115.160372,118,46336.337551
-149.744996,108,46359.236307
56.644198,500,46466.419182
-148.676301,72,46483.123233
151.602199,500,46588.004137
-123.150264,239,46638.588389
108.961772,500,46744.127357
-119.608187,146,46775.125714
-86.449347,151,46807.202786
-138.746924,140,46838.45059
-93.837977,245,52536.933388
-165.994668,130,52563.156755
106.748932,500,52669.816937
-130.022129,157,52703.269992
138.481745,500,52807.609066
88.697876,500,52913.431141
-178.375328,25,52919.934027
85.968716,500,53027.509093
-155.901026,195,53070.54113
-141.751302,140,53100.794848
-177.397422,55,53113.857496
-112.887887,347,53186.604262
-148.517065,70,53201.751813
-147.645729,83,53219.703573
-147.188855,81,53236.751161
-132.101822,266,53292.830214
-148.16121,61,53305.711582
-136.46589,100,53327.037166
-150.094723,413,53416.113725
82.549566,500,53521.051616
-150.100002,139,53550.752767
-169.599812,262,53605.59814
128.715183,500,53711.191223
109.681662,500,53817.866305
-84.390284,273,53876.841551
-82.320032,146,53908.509599
136.068945,500,54013.548028
-172.156135,327,54082.681717
237.769747,484,54183.63148
-109.350578,92,54203.461202
-203.931182,150,54236.255962
293.901202,443,54329.670362
-129.678714,125,54355.783313
-168.452229,123,54382.500776
-29.571757,500,54489.107908
-159.422135,83,54507.286701
69.068783,500,54615.582026
169.72875,500,54721.412007
159.959605,500,54827.112446
-171.99527,74,54843.997051
-175.966294,214,54888.846207
-191.733837,241,54940.387684
257.99131,329,55008.760898
-131.091008,165,55044.572106
-151.922521,299,55109.610356
-156.880487,448,55206.199017
254.708556,375,55286.41695
147.923876,500,55391.290925
49.334479,500,55498.572017
50.213154,500,55604.58369
-67.203772,239,55655.426405
-79.509099,211,55700.627361
-151.295702,184,55740.63931
-77.474083,387,55824.185664
125.886925,500,55930.601021
272.648904,367,56008.281744
-140.358281,77,56024.905803
157.197797,500,56130.425043
155.348218,500,56236.982468
173.014489,500,56344.219785
80.481062,500,56451.553494
52.647935,500,56557.907736
278.057559,362,56635.653553
253.817221,497,56743.163491
152.713279,500,56850.872251
-144.318522,103,56872.914598
-128.062933,104,56895.86387
112.084917,500,57001.045916
279.072759,313,57067.228844
-111.806343,114,57091.439861
-112.510108,276,57151.050204
-146.459921,113,57175.092362
-143.093423,144,57206.433848
-74.576605,155,57238.693309
292.626858,421,57327.316389
273.592118,324,57393.736995
103.963267,500,57500.472013
153.608547,500,57604.603184
-121.892977,75,57620.452073
-149.845235,288,57680.723032
-200.386315,240,57732.382337
-88.715725,237,57781.501344
265.210307,169,57816.846913
-149.64493,153,57849.5437
-99.338413,100,57870.854293
-163.011025,29,57877.979493
-127.22616,139,57907.642975
-15.904711,351,57980.287802
-164.381793,119,58006.181115
-155.053965,208,58049.414568
-174.869444,258,58105.555578
-130.785861,252,58158.615428
-96.405914,101,58179.780592
269.696591,497,58284.413556
131.516604,500,58389.814992
150.670263,500,58493.94375
257.232133,382,58573.64292
178.555913,500,58679.164881
76.683866,500,58784.0717
296.128781,310,58850.207787
187.543373,500,58954.198907
-134.759746,246,59006.83252
-183.126189,84,59025.499013
-104.274013,241,59076.647723
148.491732,500,59183.395868
-136.397797,209,59228.159289
-179.808263,210,59273.18746
-133.25816,96,59293.692093
292.654908,233,59343.673898
-105.312635,159,59377.087295
82.604267,500,59482.953455
-141.272097,308,59549.422694
155.774785,500,59653.296034
117.350737,500,59757.603425
-165.011513,94,59777.88525
-140.564724,78,59795.265645
298.759045,389,59876.998635
-93.573382,152,59909.225744
-131.206199,97,59930.371163
-177.545973,87,59950.149788
109.324339,500,60056.920036
-157.677788,106,60080.199121
74.84724,500,60183.672571
292.593191,313,60249.282118
-139.030209,128,60276.195056
-178.48889,202,60319.677716
115.705904,500,60427.935704
-149.814228,157,60461.262666
50.757764,500,60567.254462
-144.621977,67,60582.477342
281.738103,320,60650.637757
4.153811,432,60741.484937
-161.060199,263,60798.375275
273.326291,331,60868.733713
248.578243,351,60943.706011
312.72798,348,61015.643846
-134.931481,133,61043.425518
-64.789967,474,61143.987174
143.532209,500,61250.432614
-113.854434,77,61267.24078
189.912075,500,61373.704337
-132.830125,185,61411.419397
26.500321,500,61518.267467
-122.99222,207,61561.97249
-200.254584,178,61600.029873
114.310357,500,61705.836584
144.511017,500,61812.301749
-109.645158,74,61828.111794
-130.690303,91,61847.763901
-96.122045,120,61872.773293
199.706419,500,61976.777891
-134.664776,78,61993.739892
270.664813,362,62068.934508
105.021849,500,62173.38625
-52.077405,177,62211.058671
-192.352539,163,62246.499727
135.265916,500,62351.987761
-101.077242,96,62372.057735
-180.215362,178,62411.641377
62.810309,500,62516.903404
-87.709411,223,62564.180891
-167.324997,37,62572.635467
-102.711119,123,62599.118207
-78.517296,98,62619.58565
-159.860062,302,62684.718655
151.956929,500,62790.491495
-141.257821,91,62809.363222
-133.463254,154,62841.912085
-165.581034,65,62855.531458
-131.308186,126,62882.816794
26.28061,500,62990.552518
128.954162,500,63095.986393
-109.087517,149,63128.558422
308.977134,263,63183.944181
-147.231428,167,63220.241939
-127.643687,67,63235.091894
-125.366242,118,63259.971495
-119.000413,119,63285.321071
263.016584,481,63386.383084
-153.267277,73,63402.288747
-100.621731,80,63419.506022
305.196529,288,63480.713245
-125.27618,154,63513.56954
-144.84392,91,63532.762785
-83.515943,127,63559.643425
-132.416726,90,63579.738517
317.045118,306,63644.333596
179.038023,500,63749.521991
-150.073907,62,63762.808182
-3.089469,345,63834.271032
-79.210265,147,63864.933939
326.513505,297,63926.842297
-84.548885,166,63962.909999
-113.65356,65,63977.193888
0.630482,254,64030.072116
-138.994632,89,64049.651646
-122.517383,69,64064.189794
-157.497087,104,64086.486101
-106.008718,164,64122.478212
-167.878412,80,64140.58335
-132.223349,73,64156.809681
-91.72214,120,64182.131213
-177.617447,115,64207.998885
-116.253699,74,64223.613576
-178.702252,18,64228.196589
-145.34591,103,64249.438652
-106.715475,436,64341.615521
285.418853,292,64404.471084
254.577982,450,64499.836251
-182.318967,27,64506.447708
-161.212378,43,64515.768357
152.709686,500,64621.263611
-92.593775,137,64650.373926
-151.276474,40,64659.053586
-102.955779,214,64704.475688
168.022043,500,64810.937182
124.392792,500,64916.753492
-163.54999,55,64928.665481
-119.208256,104,64950.759985
-164.618985,28,64957.518161
-121.362703,86,64976.410832
-150.912223,143,65006.597221
-144.675661,181,65044.535318
293.379671,171,65080.222284
124.237056,500,65187.051167
-88.522154,127,65213.760924
-153.213307,107,65235.406463
-153.868604,145,65265.880257
164.550049,500,65371.098796
156.455445,500,65475.557225
-73.891411,378,65555.904457
-153.634266,67,65571.006331
-175.54075,207,65615.196877
65.113753,500,65720.220797
-126.7059,79,65737.356968
246.241966,297,65798.339
147.684244,500,65901.924898
-171.474918,199,65944.782362
-121.210788,61,65957.858878
-71.24068,137,65987.367182
-126.61327,65,66001.179522
-115.516182,299,66065.496636
155.724089,500,66168.959746
-102.607339,76,66184.967384
293.627529,281,66243.857778
-160.361976,109,66267.403609
-107.524621,101,66288.997631
-114.870468,77,66305.255544
127.526216,500,66413.729997
166.340079,500,66519.443616
-128.06814,76,66535.324825
-125.031813,93,66555.020412
252.407533,340,66625.68847
262.334707,225,66672.883822
81.279587,500,66778.786395
-82.966494,129,66806.097202
289.396886,196,66847.138632
-108.934919,74,66862.668847
263.352757,232,66909.566039
-119.454272,105,66931.560005
-110.794457,126,66959.68603
-140.09501,97,66980.761808
323.530381,432,67072.471836
86.801875,500,67176.698421
-147.307605,153,67209.829279
-85.462775,111,67233.33568
-119.822392,113,67257.329176
-122.109736,105,67279.122783
-107.677066,202,67322.13887
-111.545553,73,67337.934424
-161.93733,79,67354.928103
-173.841756,199,67397.630614
316.203751,288,67458.35882
169.463199,500,67562.371281
-147.191752,78,67579.447526
-125.558702,110,67602.47946
133.862605,500,67707.656725
-127.457412,100,67728.565279
-121.771657,110,67752.462894
286.071638,435,67844.331144
-122.504044,191,67885.54729
-89.193117,103,67906.627898
-114.652458,111,67930.376961
287.962443,344,68001.05252
-152.039617,47,68011.777984
-117.349568,191,68052.221447
139.757332,500,68158.163501
-172.400944,41,68167.373818
-130.25621,89,68186.226972
111.443852,500,68290.745565
-151.531954,48,68301.259341
-90.378379,112,68325.688434
-142.458355,78,68342.735005
-127.046302,110,68365.971464
-112.036062,85,68384.158891
-132.570362,72,68399.84525
-121.173251,76,68415.383549
-150.121318,91,68434.780473
141.941401,500,68540.543725
279.319951,377,68620.379154
-141.834445,48,68631.087915
-131.915156,100,68652.586792
296.797286,232,68702.127393
298.239371,260,68757.614503
-127.313799,159,68792.278623
-107.935826,143,68823.81176
-95.162723,88,68842.118375
22.164811,500,68946.982621
-142.180046,69,68962.873765
311.893951,168,68997.861174
-167.728947,37,69006.420118
283.325851,382,69085.828651
169.577273,500,69190.694519
109.700562,500,69294.958186
-121.123815,124,69321.310735
-146.314405,123,69347.336851
-178.142592,40,69356.286314
54.422029,500,69463.169776
-180.761131,63,69476.447563
-113.383958,94,69497.700949
126.836306,500,69603.385118
314.748312,225,69650.306735
-113.619817,76,69666.444057
-102.527874,93,69686.096328
-91.394343,105,69708.753073
-122.471235,81,69726.545891
-112.264861,94,69747.386345
-152.371162,64,69761.250106
269.474821,295,69822.759238
-112.553672,75,69839.252782
134.283099,500,69945.783196
-132.269333,61,69958.925701
129.067992,500,70063.469462
171.742573,500,70169.677163
-138.323035,49,70180.737142
178.646728,500,70285.497852
313.022194,331,70354.171365
-106.915554,109,70377.954086
160.81791,500,70482.17241
261.682427,395,70567.02484
239.019994,432,70657.009661
-139.179686,86,70675.845106
287.308965,196,70716.944522
263.04296,426,70806.701334
-110.785031,118,70832.586969
-149.55406,95,70853.14996
292.27533,320,70921.964987
155.601422,500,71026.667829
-153.657862,100,71047.859919
86.678805,500,71154.365808
160.886536,500,71258.757322
-139.435279,76,71275.285836
-120.476149,237,71324.727634
-43.170277,363,71399.465355
145.378315,500,71507.655266
-168.873913,35,71515.65726
-138.141916,61,71530.067823
173.42403,500,71634.682604
303.629947,228,71683.860896
-122.995141,87,71702.389474
139.292714,500,71806.797463
-176.432744,38,71815.592073
-108.264694,68,71830.474148
-116.358733,80,71847.283675
144.057482,500,71953.29594
286.167266,458,72048.564895
-130.607496,81,72066.106729
-114.702052,136,72095.250715
-119.487519,98,72116.895653
-144.271912,101,72139.013647
-139.222909,86,72157.745208
233.047626,493,72264.934168
-103.153608,83,72284.258598
-139.772383,62,72298.396117
42.564395,500,72406.074764
-159.857964,37,72414.298477
-152.645298,122,72440.094054
-160.440228,34,72448.414849
-151.326622,58,72461.415176
-155.555949,76,72477.846432
-117.500963,100,72498.767109
-87.976473,136,72527.893764
-157.926277,71,72543.25456
133.354111,500,72648.073817
259.770302,194,72690.388422
-170.083407,36,72699.32633
297.601013,275,72757.082002
-168.893144,38,72766.037124
-113.338708,75,72782.73895
286.941988,171,72819.459447
-175.721165,53,72831.238987
-177.167796,37,72840.03031
-160.167531,40,72848.660734
-140.703059,79,72865.481509
-139.659403,81,72882.511786
-106.086068,138,72912.365732
130.694079,500,73016.790946
-38.170141,324,73084.879426
-87.19876,95,73105.353052
-100.139337,80,73122.348965
56.087086,500,73229.323489
113.770175,500,73335.607875
-132.155879,207,73379.433633
119.370566,500,73484.671634
-114.553875,224,73531.753991
-98.587989,102,73553.541514
-83.844276,106,73576.515555
-145.573316,62,73590.217162
-148.107743,69,73605.523166
-107.88631,91,73625.49873
315.469035,185,73664.881356
-93.757361,237,73714.802416
-138.924444,171,73751.597554
-148.536357,60,73765.215499
-131.474474,69,73780.990408
-110.675781,78,73798.099488
235.690625,461,73896.330814
-142.062052,234,73945.906765
345.735967,261,74000.347691
-120.407888,96,74021.179329
-84.087559,296,74081.776738
318.279833,332,74151.24723
-129.171702,125,74177.414344
-117.527546,155,74209.872746
-91.938047,87,74228.606477
-96.188461,141,74259.24068
307.19646,280,74318.066319
-103.556199,146,74348.721879
-104.687482,87,74367.900339
302.997351,298,74430.125449
-121.81581,81,74447.331964
-93.050861,173,74483.626665
-112.387447,72,74498.524846
-100.746632,198,74540.395231
-155.710112,45,74550.730441
-151.274556,67,74565.338418
-148.007274,45,74575.703053
-79.669078,390,74658.24529
-136.927703,276,74717.159466
-163.45317,95,74737.626086
219.04075,500,74843.541538
-102.467922,102,74865.569619
-89.557296,104,74888.175002
-123.402748,80,74905.909523
-112.739192,107,74929.197256
-130.554854,154,74961.858835
-81.867458,140,74991.668841
97.975037,500,75097.527748
-117.15557,99,75119.400177
280.57915,373,75198.185873
-118.573207,368,75276.043036
-113.978619,101,75296.732359
-97.231127,138,75326.024071
-149.960528,66,75340.985906
293.644327,268,75396.661659
-113.233966,78,75414.049634
54.883604,500,75518.777714
-20.961837,500,75626.032822
158.768358,500,75731.458496
303.137913,316,75796.901432
-82.964629,249,75849.368402
-153.561769,73,75865.24552
-160.66614,175,75901.734352
271.649895,302,75965.595949
-113.829191,167,76001.289363
230.730879,463,76098.884549
40.189616,500,76203.466757
-168.944672,37,76211.801375
145.751573,500,76316.153291
113.866825,500,76421.315415
-106.938575,91,76440.389816
309.838718,325,76508.101779
-186.412501,17,76512.197249
-122.237246,107,76534.486385
105.629359,500,76641.945791
-16.593404,285,76702.414111
-128.277582,75,76718.104708
292.137117,284,76778.135904
-126.678447,71,76794.690325
-130.312568,163,76829.015787
-128.081394,60,76841.16609
174.452769,500,76947.52374
-93.608964,98,76967.952893
293.755543,232,77015.43927
-169.656056,33,77023.343208
-147.592701,55,77035.747595
-120.913207,80,77053.16038
157.813395,500,77156.340842
-142.678565,99,77178.265657
-112.047192,107,77200.607423
229.450509,486,77302.590625
198.893353,500,77406.736119
-141.06906,45,77416.52359
-202.885191,3,77417.794294
143.392556,500,77523.665295
-108.460077,213,77568.22856
272.517287,254,77620.481471
-159.856623,77,77637.595906
-110.303604,141,77667.345653
-117.308287,118,77692.087115
268.952066,199,77733.969776
307.549675,345,77806.583776
-33.6139,314,77872.202669
-70.778171,310,77937.509412
-125.215749,106,77960.234935
117.603601,500,78064.379219
273.336702,422,78154.136597
-167.340491,43,78164.004392
151.502385,500,78268.394291
-121.662886,145,78299.031866
288.180352,313,78365.526283
304.546689,193,78406.47843
-132.820802,140,78435.395949
-136.085099,96,78456.36517
-141.425051,131,78485.574908
-104.92481,169,78521.114103
-92.942047,150,78553.363791
-169.081699,63,78567.740468
-57.459339,141,78596.914664
-83.466942,164,78632.881045
302.574784,465,78730.602374
-106.446445,97,78751.022572
286.821943,363,78827.959756
-81.061094,168,78864.571991
-130.512668,160,78898.704002
323.958069,313,78963.164222
291.627634,230,79011.01734
281.660434,412,79096.433468
-144.603069,86,79114.869954
-130.232436,144,79145.303478
-154.34318,135,79173.911177
-125.995527,148,79205.901448
-154.279506,218,79252.899274
-125.280344,91,79273.101186
-113.282337,189,79313.629544
-106.091766,101,79334.024077
-83.55876,140,79362.989263
-122.498434,126,79390.522409
-113.784287,139,79420.098944
-142.792165,120,79445.070374
-123.955364,205,79488.510511
-87.609471,174,79526.132559
-91.649706,139,79556.160451
-178.197532,51,79567.269013
-141.560344,114,79592.031819
148.542524,500,79697.526347
-102.316413,202,79740.67324
-187.008567,44,79750.524748
-37.994278,319,79816.854053
-125.659679,171,79852.560878
-145.601309,97,79873.910338
-112.059814,252,79927.893666
-180.237343,163,79963.111187
-192.681786,76,79980.23922
-146.548624,84,79998.65315
-89.328826,220,80045.225914
-142.07721,85,80064.172055
-133.330752,157,80097.422451
-183.884948,191,80139.042018
-89.336487,180,80177.094589
-130.36455,70,80192.628913
-143.927372,206,80236.873078
-98.387088,167,80272.622019
-179.314899,80,80290.285043
-189.413619,35,80298.532155
-145.395096,96,80319.054183
-126.584032,96,80339.646513
-125.275006,125,80366.273043
-118.136035,147,80397.868668
-184.663596,48,80408.895604
-173.570069,131,80436.639084
262.792828,172,80474.090961
-123.205816,158,80508.11516
-108.093477,148,80538.781748
-105.102452,212,80583.702308
-150.114073,70,80597.977664
71.065103,500,80705.244405
-88.98952,194,80746.414058
-164.587918,63,80760.273251
-172.127173,23,80765.663459
-199.932146,132,80795.25978
88.58974,500,80901.441454
-233.050306,435,80994.41331
-202.078783,171,81031.036575
-140.421868,148,81062.859114
-192.375747,11,81065.904312
-116.16408,124,81091.57033
-128.368422,95,81111.479429
-225.629464,437,81204.871076
-134.852145,157,81238.06111
-137.242534,91,81257.206589
-94.413598,126,81284.125255
-180.481312,173,81321.979367
267.768731,394,81404.958192
-200.35594,113,81429.006031
-149.079135,100,81450.333957
290.029339,305,81513.715546
-116.403723,180,81553.525524
-102.590313,92,81573.181635
-111.518833,143,81602.99205
-126.839126,155,81636.820892
-45.288846,500,81743.383681
-124.302503,72,81759.001817
-186.669852,18,81763.420806
-133.144331,121,81787.546704
-185.921428,185,81827.559619
-70.179879,122,81853.472125
277.462895,274,81911.31852
-157.58848,173,81948.092443
-137.054395,144,81978.38328
185.838881,500,82083.114377
-150.593542,276,82140.638645
-58.200087,172,82177.694758
-156.674381,164,82212.90597
-72.977293,114,82237.161789
-93.886902,184,82276.60098
-103.345668,83,82294.658476
-131.320831,110,82318.729059
-95.563859,130,82346.31905
313.337113,218,82391.910482
301.207327,200,82433.937941
-168.167612,32,82441.624547
-105.023708,143,82471.623449
-133.197533,101,82492.919206
-160.631351,154,82525.639258
-34.520907,281,82585.280073
298.55542,374,82664.795159
-169.578062,100,82685.772395
-158.062132,100,82707.621138
-139.965002,64,82721.275126
-181.080116,61,82734.790497
-153.74821,63,82748.770338
-134.3722,100,82770.210083
-176.35237,27,82776.233156
144.178407,500,82879.679214
-116.757997,190,82919.731418
-123.833669,111,82943.901103
-128.042944,119,82968.277185
-167.437299,116,82992.26439
-164.901952,73,83007.657259
-181.212293,112,83031.432721
-154.383228,186,83071.199735
-137.865978,99,83092.641343
-189.573562,95,83113.879738
-165.363504,110,83136.925746
-188.021878,105,83159.984394
-113.697051,112,83184.460403
-140.364493,101,83206.240221
-135.682728,84,83223.928232
-148.988179,63,83237.971179
-118.023026,101,83259.779755
-120.70549,144,83290.051505
-135.906578,109,83313.134903
-161.827015,79,83330.903659
-102.116155,128,83358.426497
-60.123188,201,83400.669203
-161.889272,34,83409.158376
-68.743769,217,83454.374387
-142.121486,80,83472.226483
-110.7063,85,83490.905251
-141.097317,130,83518.359888
-141.750725,73,83534.184268
-169.85153,44,83545.015947
-144.961219,125,83571.486918
-138.325581,114,83595.478014
-175.119227,142,83626.015172
-105.325923,90,83645.644314
334.084236,202,83688.301752
-122.512466,186,83727.548613
296.858788,217,83772.721924
-152.516472,82,83790.166501
-222.678721,293,83853.236108
-170.906996,44,83862.969693
-167.244559,38,83871.488973
-119.502686,108,83893.302679
-170.360044,145,83923.838544
275.021022,293,83984.831503
-179.031951,72,84000.366014
-144.968891,147,84032.026812
297.730784,266,84087.388687
-155.607665,81,84104.683717
-176.905063,153,84137.110699
-70.412557,123,84163.968911
283.414628,250,84216.634867
-160.725921,145,84247.449412
302.101304,204,84289.407758
-117.745287,107,84311.118768
-93.630221,99,84331.727549
-101.740324,85,84349.702598
-19.541925,500,84456.203972
286.287128,191,84496.38227
-136.363973,104,84518.274726
295.643596,194,84558.675426
-106.743838,82,84576.238046
-157.682509,70,84591.004573
283.262597,276,84649.430974
63.407134,500,84755.201774
295.622102,169,84791.422707
289.888299,155,84823.801242
-89.139784,141,84852.905265
286.188575,147,84883.820579
351.545452,289,84943.891335
-190.342227,122,84970.353633
-161.383919,71,84986.057562
-157.754532,141,85016.247005
-62.323839,114,85041.05132
-173.974,25,85046.746844
319.425992,286,85105.967234
298.142552,170,85142.314749
-175.190311,134,85171.018332
-100.222412,90,85190.511388
293.912573,214,85235.591259
304.814028,184,85274.526327
-183.335902,17,85278.740284
-74.947339,96,85298.964779
-147.340608,122,85324.23113
-86.559552,117,85349.429832
148.785563,500,85455.725765
-130.145614,70,85471.579293
-172.274066,25,85477.203635
323.552569,240,85526.94217
-111.548117,94,85547.699376
-133.940682,91,85567.200138
304.28774,218,85612.095645
348.619901,208,85655.739095
-168.93811,46,85666.550626
-106.787454,90,85686.387678
-104.13595,199,85728.742701
-108.059883,126,85754.778265
-110.367557,121,85780.357343
-129.961986,68,85794.774153
-147.300399,57,85807.304087
-127.499423,83,85824.54062
-155.347797,49,85835.785902
307.538225,186,85874.379853
261.265913,384,85954.326056
162.496329,500,86059.458476
-147.593396,98,86080.783874
-96.368457,90,86099.008888
-80.24822,117,86124.227396
-154.012002,43,86134.319496
-104.973252,124,86160.974106
-132.996537,78,86177.716748
-131.671347,57,86190.365891
-155.066791,76,86207.690672
-118.545423,127,86234.547782
310.720535,188,86273.901062
320.528635,344,86344.945599
-156.634141,80,86362.42103
-129.15205,65,86376.089029
-120.895105,97,86396.278474
-166.93409,44,86405.883383
-134.275736,54,86417.418245
-121.431956,78,86434.416045
-171.57704,63,86448.762467
283.707659,292,86509.465166
290.531871,213,86554.815898
-208.863848,81,86572.259087
135.24117,500,86678.172196
313.01009,350,86750.927323
260.715269,257,86803.968419
-97.491521,83,86821.789531
-174.143361,222,86869.699086
-125.220329,66,86884.238213
-127.386273,63,86898.104441
307.32403,266,86955.125019
-88.268677,194,86995.579174
274.899068,325,87063.951407
-137.97113,103,87085.424091
-146.313483,124,87112.665856
274.662174,238,87162.174709
-173.290173,80,87179.960252
-171.254058,66,87194.312075
-116.98431,100,87216.130273
-163.054547,51,87227.130701
-117.274314,131,87254.948395
-72.644644,115,87279.357678
-191.774019,256,87333.313254
-122.670448,87,87351.806911
-161.25694,46,87361.854569
-143.943644,82,87379.584984
-89.706255,171,87415.279217
291.873749,335,87485.308821
293.314426,198,87526.505463
-142.357763,134,87554.051775
-145.924431,66,87567.921479
-114.249051,137,87597.118606
-115.323139,137,87625.736142
-129.600831,80,87642.822521
-137.957708,157,87675.101075
-140.184981,96,87696.455487
-97.732352,133,87724.035467
-95.690586,156,87756.902173
-113.26805,113,87781.706047
-115.370203,117,87806.384437
-133.176173,118,87831.601617
-174.068749,40,87841.349805
-144.236129,105,87864.252251
-119.127085,257,87918.587975
283.194596,280,87976.437839
108.027686,500,88081.501348
-87.197262,120,88106.659841
-90.40567,162,88140.454644
-81.954256,411,88227.326559
-108.958718,85,88246.160153
-111.978485,113,88269.773275
-76.438954,141,88299.840894
313.865083,232,88346.421934
89.403805,500,88453.042908
-82.327763,118,88478.417953
269.858456,208,88521.763462
-133.315824,69,88536.798475
-162.354826,83,88555.902925
-76.062497,193,88596.117702
-165.116642,39,88604.577834
104.355141,500,88711.924955
-126.888344,76,88728.757081
-111.580459,79,88746.227631
331.244861,201,88787.703823
-167.661884,78,88803.502552
-115.800574,123,88828.967397
297.207197,193,88869.129567
122.537695,500,88975.186662
-157.168153,76,88991.698436
-102.702796,203,89033.902241
-128.348397,107,89056.543049
-137.056168,77,89073.215038
-114.77586,97,89094.464899
308.387558,261,89148.608518
-104.17779,103,89171.494588
-127.636604,93,89192.565751
-107.683544,114,89217.172362
-121.116253,119,89242.252708
-106.036311,94,89262.596473
-121.386286,158,89296.685297
-109.498559,139,89325.085422
293.481179,279,89381.327111
-47.459425,168,89416.757819
283.974184,277,89475.205351
308.86174,267,89529.847751
-124.715753,115,89554.793987
324.108701,251,89607.706906
-165.743744,55,89619.835499
-112.154904,97,89640.960035
-147.389996,55,89652.817763
-108.019562,119,89677.197361
286.125117,212,89722.127511
-82.052181,133,89751.210749
309.120779,232,89799.533626
281.810117,326,89868.021918
-90.342143,92,89888.121877
-127.95259,80,89905.586591
-116.231326,113,89929.237533
-73.237011,169,89964.098944
-141.146211,64,89977.513466
296.513737,227,90025.005138
298.933817,160,90058.608582
300.593606,415,90145.566994
-173.818238,43,90155.109534
-118.135561,122,90181.430769
-138.238569,96,90201.159005
-149.383311,40,90210.613867
274.537054,256,90264.167816
-135.347257,93,90284.560506
-132.881562,140,90314.934373
-85.945925,119,90340.323608
-182.558579,19,90345.321966
-122.830765,74,90361.24213
-94.190187,130,90389.022587
-135.043163,61,90402.774508
-76.288297,158,90436.468637
266.947308,182,90474.708616
-114.208478,83,90492.880988
-120.670772,72,90508.500421
298.448929,202,90550.36253
-88.630385,146,90581.515924
-125.626253,94,90602.489766
-153.975594,73,90618.731894
178.769873,500,90725.128894
-130.470174,173,90761.783312
297.680108,294,90823.419428
-174.408619,47,90834.143931
301.212314,232,90881.931023
-115.894668,91,90902.644679
-121.659755,71,90918.398029
-149.391901,170,90954.206461
-107.573561,224,91001.437845
-113.967698,125,91027.701486
-159.68802,117,91053.113982
-162.65941,72,91069.074351
-112.349147,87,91087.394538
-64.926161,131,91114.837177
-108.797863,80,91132.0661
-178.535632,66,91147.15318
-102.14516,85,91166.034313
320.007215,207,91209.081426
279.425592,179,91246.45661
-89.989483,153,91278.327468
-78.318907,160,91311.388705
-137.566856,74,91327.482827
-109.696985,92,91346.767637
-94.00266,97,91367.250234
277.946309,377,91447.020072
-131.826886,65,91461.418445
301.199213,243,91512.38929
311.804286,220,91557.587999
292.550504,168,91592.342808
-117.888744,78,91609.277327
271.117923,209,91652.365705
-111.090297,102,91674.262707
278.710748,342,91744.904913
-130.08921,53,91756.575381
-79.4545,94,91777.292766
-117.345966,114,91800.906664
-146.183019,46,91811.322964
-177.886165,39,91820.392968
-128.454025,295,91883.407121
-105.864161,88,91902.86202
-146.148908,50,91914.332673
-160.233453,152,91947.226568
-76.176496,106,91969.80612
-110.073632,149,92001.655284
-174.863997,52,92013.399628
-125.844062,75,92029.965608
-152.589485,94,92050.200837
325.807257,227,92096.981514
-168.747171,46,92107.071545
298.041313,232,92155.384306
-139.988768,52,92167.258894
-95.29221,157,92200.774274
306.913647,237,92251.190728
-138.225971,106,92273.902335
306.785092,241,92325.150187
-134.693818,208,92368.868826
-47.386916,114,92392.658474
-105.695212,133,92421.027284
302.070016,211,92465.807507
-147.488804,55,92477.588228
-150.502001,50,92489.298458
-84.107773,181,92528.0898
-128.222951,79,92545.802539
311.661458,339,92616.437838
-114.389933,87,92635.434675
-81.334196,100,92656.337568
-107.161752,74,92672.362438
-84.914036,93,92692.027403
-131.07333,77,92708.438498
292.904375,149,92739.980066
-154.8247,36,92747.990224
308.185278,224,92794.428797
-111.99166,115,92818.590147
-112.748509,118,92844.35558
-168.834353,42,92853.503989
-125.53467,66,92868.074952
-103.242097,75,92883.696729
-119.5231,191,92924.142051
-77.155139,103,92945.833868
-142.750918,105,92968.234701
-100.481384,89,92988.110751
288.060484,199,93029.030726
-145.102923,86,93047.874517
-107.012764,142,93077.380238
-172.850812,196,93118.360324
-89.898889,107,93141.57442
301.993459,177,93179.079387
-157.746652,44,93189.11015
344.815683,374,93265.641612
-130.226539,92,93285.606103
-135.282057,60,93298.635892
-115.423491,107,93321.667951
270.997133,280,93379.698691
336.555112,252,93432.470148
-118.675859,65,93447.098328
-166.224907,46,93457.262631
-157.030692,42,93467.080603
-97.016666,131,93494.775739
-172.509277,52,93507.031574
-104.230729,81,93524.527958
-150.60692,42,93534.339792
297.433978,233,93582.472855
-124.328784,80,93599.311424
311.790304,172,93636.86934
291.391707,275,93694.154292
-103.426037,125,93719.674266
-162.624546,37,93728.564924
-183.072517,253,93782.235212
308.560504,361,93857.480878
-156.236166,271,93915.362922
-142.87569,109,93939.551964
-177.419322,40,93948.747257
-165.320362,273,94005.469619
-134.625893,98,94026.435297
-138.712426,63,94039.238386
-123.776696,151,94070.381914
-92.138846,155,94102.611432
-165.501329,34,94110.827533
-170.997002,409,94196.734748
275.491335,260,94250.382441
-98.910186,91,94269.141617
-156.54157,36,94277.027547
-132.808925,70,94292.589286
-120.286939,66,94307.132413
-132.157207,92,94326.55996
-154.433697,41,94336.006923
227.186533,434,94427.782799
-120.248547,70,94444.171302
308.262904,230,94493.075078
312.554984,179,94531.612268
-177.398858,19,94536.452365
-136.394953,52,94548.040714
-135.955019,56,94559.765994
-92.637883,151,94590.801711
-115.637348,162,94625.399832
-119.324271,64,94640.044168
-162.41705,83,94659.151367
-79.507876,109,94682.312789
-130.454028,73,94698.671421
-167.94904,77,94715.396088
-168.764167,28,94722.405596
-168.070733,105,94744.353141
334.604331,190,94784.188748
-96.881211,134,94813.206413
-122.805587,135,94842.249923
-128.103448,58,94854.77709
-109.492321,122,94880.308597
315.72706,255,94934.709565
-104.891828,97,94954.825561
289.221309,215,94999.384628
-122.500003,99,95020.063514
-107.410326,77,95036.636559
85.693307,500,95141.641639
-43.348407,131,95170.219956
-85.784991,103,95192.19734
-160.433539,34,95199.60157
-140.508129,90,95218.870693
-149.101271,45,95228.683098
-161.818919,36,95236.825899
273.190218,211,95281.608891
286.874964,247,95332.129923
308.196153,197,95371.864667
-143.813799,46,95382.02644
153.418532,500,95488.019379
-155.971113,56,95500.43765
-159.383389,57,95512.82435
-108.905628,108,95535.791047
-106.60514,141,95566.295035
296.551977,146,95596.54002
-100.583188,87,95614.836572
-90.00387,141,95645.003302
-159.8021,35,95652.508444
242.461741,456,95747.12388
261.484966,201,95789.25499
-106.295041,87,95807.441966
-114.305795,82,95825.221131
308.401417,162,95859.267881
-124.245093,132,95887.179283
-114.297024,70,95902.344194
-100.604407,75,95918.246109
-109.108911,77,95934.579808
-83.65266,145,95965.10991
-83.825369,92,95985.117448
-131.65092,61,95998.640081
320.329314,175,96034.847122
-146.118489,62,96048.994183
290.785154,220,96094.427567
-146.424286,44,96104.462749
-129.221662,93,96124.281726
-66.619417,139,96153.185837
-92.419713,83,96171.199066
-113.86478,69,96186.101523
-127.270024,59,96198.774506
-74.499375,101,96220.361564
-123.67548,109,96243.575681
-78.469945,182,96282.441338
319.038359,183,96321.102315
-125.080933,77,96336.723715
-92.981732,125,96363.413639
-129.575208,68,96377.973499
-102.18199,136,96406.719659
-176.727687,24,96412.526844
-159.185311,99,96434.49991
310.100956,202,96477.813707
-131.007237,83,96495.224398
-181.514559,112,96519.32655
-90.659395,93,96538.388134
335.268705,258,96592.703164
-199.97775,19,96598.031092
-109.399382,133,96626.902456
-127.992519,116,96651.726475
100.051892,500,96756.639374
-149.971067,46,96766.47889
-172.384328,136,96795.61386
265.780174,187,96834.339769
-141.950101,53,96847.052211
-145.674887,90,96866.312982
-213.175502,26,96872.246749
-124.94392,78,96889.401455
-176.765013,132,96917.511831
-176.936994,37,96926.112439
-99.57835,140,96955.693494
-111.828624,100,96977.688214
-120.547649,70,96992.478037
-104.803118,133,97020.325156
313.399354,276,97077.844037
-127.159103,84,97096.267803
335.230133,310,97161.505242
-103.614869,128,97188.402463
329.351724,229,97236.467977
-121.284003,109,97259.703149
329.880092,256,97312.994844
320.556679,218,97358.549508
-152.392276,43,97367.660737
-159.597214,99,97388.132201
-94.489222,80,97404.855876
-150.835977,46,97415.048877
-117.772654,130,97443.637366
-164.028985,76,97459.773001
-99.855684,86,97478.199095
-154.776472,100,97499.79226
-102.599121,162,97534.366161
-120.050305,98,97555.457648
-128.08869,117,97580.332807
-108.260433,152,97613.074593
249.837563,461,97711.661877
-185.706436,164,97744.817511
-130.806484,178,97783.198074
-153.309762,39,97792.218287
140.258956,500,97898.081113
-178.267901,65,97912.657334
-104.544391,120,97937.781592
245.845555,421,98027.243179
108.39794,500,98132.677031
-122.146154,184,98170.865493
316.280243,370,98247.497436
-109.702127,148,98279.824895
-134.460584,159,98313.302273
-115.979768,139,98343.551763
-139.25523,91,98363.374962
61.793631,500,98469.839427
-121.451394,74,98485.530236
-115.654115,123,98511.951924
177.360234,500,98615.492718
312.010297,280,98674.995276
263.304136,292,98734.786836
282.536143,270,98790.279815
-171.770929,81,98807.592718
-103.594734,95,98828.781842
280.917345,335,98898.783163
-102.300521,118,98924.170677
-141.439326,87,98942.050848
-133.345714,109,98965.473886
-152.025271,134,98993.255502
114.157533,500,99100.19291
105.701709,500,99207.143205
103.066211,500,99310.897218
-114.473204,83,99328.881242
-108.425826,114,99352.36136
289.136907,374,99430.312102
267.237802,466,99528.511204
-159.949244,99,99549.72487
-136.981107,101,99570.481395
-172.10466,38,99579.093294
-130.407394,96,99600.322824
-164.864037,53,99611.95338
305.734015,484,99712.898553
319.577902,303,99775.92444
-154.617625,50,99786.852197
-111.134653,195,99828.325831
-137.287523,84,99846.942845
-110.744551,128,99874.213277
78.22604,500,99978.354654
-120.829867,73,99993.975324
-122.611733,80,100011.649063
-90.243574,96,100032.408467
-153.928586,49,100042.678576
310.696316,271,100099.572343
-148.754539,57,100111.543602
-51.721802,128,100137.388634
243.368337,435,100227.852995
-123.951009,103,100250.260469
-103.492142,94,100269.943928
-120.083484,77,100287.174983
296.776881,260,100341.292645
-90.346086,107,100363.92319
-128.507906,64,100377.786705
310.010045,216,100423.08852
-183.817371,32,100430.426866
-143.296398,99,100451.035541
-93.86588,139,100480.656242
-94.645953,117,100505.816275
-98.267847,90,100525.270882
305.885859,197,100566.867524
123.429176,500,100670.669473
-117.531728,111,100694.52761
-157.156513,134,100722.62693
-104.064521,87,100741.085281
314.301085,272,100798.65038
-165.604937,96,100819.737935
310.813136,279,100878.378968
298.683341,291,100939.400455
316.644211,192,100979.983207
-82.775244,111,101003.004781
362.559425,257,101056.506615
297.552961,160,101090.378991
-173.416527,31,101097.636728
-93.148439,91,101116.614882
285.926803,215,101160.559783
-125.783167,68,101174.958584
330.706285,251,101228.290248
-94.927157,116,101253.229894
-96.246264,188,101292.221622
-120.845708,71,101307.30807
-127.933743,67,101321.825832
-109.955186,80,101339.23866
335.570508,209,101384.229887
-135.427819,111,101407.050146
276.0894,331,101475.090012
-84.937393,129,101501.579226
280.031777,288,101560.586946
267.801687,207,101604.283496
-69.020368,115,101628.531708
-124.480659,110,101652.011759
-158.475873,101,101673.814359
-123.776302,56,101686.118582
249.102761,439,101777.299247
-138.257723,126,101803.659131
-127.079764,78,101820.612496
-122.771766,83,101838.576879
-148.262328,66,101852.882194
316.116339,226,101900.901922
-102.572678,96,101921.365026
299.392137,342,101992.408043
-121.790983,77,102009.490113
-108.313756,69,102024.552481
-58.171781,118,102049.659418
314.384622,176,102086.701446
309.08089,216,102132.044131
-142.156849,47,102142.012939
-175.550595,28,102148.735664
-174.349132,21,102154.080055
-132.943423,92,102173.958888
-98.328988,126,102201.268077
-152.349064,138,102230.133401
-93.150141,101,102252.464337
-76.558578,97,102272.400122
-135.624556,233,102322.016235
286.587696,204,102364.053436
-187.176135,13,102367.559452
-150.426264,71,102382.694373
296.059166,161,102417.166708
323.15335,182,102455.325198
-118.086421,73,102471.221558
301.996922,196,102511.061526
-89.702056,165,102545.801032
-168.63701,74,102562.017627
-122.049081,89,102580.888313
-113.750107,453,102675.520391
-114.691495,127,102702.967135
-101.332025,75,102718.877701
-118.569617,61,102731.655723
-117.014667,104,102753.128452
296.810078,315,102818.5734
-166.559506,93,102839.401211
-92.785517,120,102864.433702
-111.459384,63,102878.697746
-113.15186,73,102894.382627
-71.733892,182,102932.311791
-80.856289,165,102968.311243
-132.788303,468,103067.083471
-135.685854,50,103077.455012
324.46878,176,103113.375326
-113.117775,64,103127.114203
-117.132926,191,103167.542668
-135.877001,108,103191.279682
-155.278479,50,103202.207046
-170.813556,30,103209.240266
-101.324945,73,103225.646814
282.599333,132,103253.941083
-140.458561,108,103277.090628
-91.764185,81,103294.413857
-121.98568,67,103308.913188
278.41695,131,103336.026699
-128.703487,53,103347.581404
279.621468,199,103388.323355
-140.226824,87,103406.387741
-93.194269,187,103445.786362
-160.277,52,103457.488039
270.848483,420,103545.790895
-112.827453,66,103559.615908
-84.117356,86,103578.219249
-153.180367,38,103586.655346
-136.585567,103,103608.07365
-107.653223,71,103623.100816
291.864277,335,103693.497461
-149.465714,40,103702.516609
-137.117052,140,103731.917421
-156.227956,33,103739.791066
-131.848225,210,103784.402944
-192.323142,280,103843.407414
-158.089084,119,103869.10923
-138.135663,226,103917.191667
-136.735836,258,103971.319979
-104.837219,166,104007.098046
-86.237017,85,104025.00931
-111.715805,142,104054.438013
-162.923219,31,104061.638286
-201.877649,19,104066.310483
-100.754928,150,104097.809028
344.948098,177,104133.813591
-150.219975,36,104141.798439
-71.954851,91,104160.761549
-155.725489,129,104187.525774
344.100977,178,104224.326952
-145.207142,105,104246.339377
-106.872385,148,104278.847231
293.994523,190,104318.11696
-149.887991,228,104365.935022
-143.891353,95,104385.523075
-136.222564,54,104397.652716
-122.447576,60,104411.338603
-159.821857,30,104418.29813
-92.215226,150,104450.265798
-86.026742,139,104479.434112
-121.643042,89,104498.49184
159.19555,500,104602.756149
-105.89934,93,104622.555069
-184.768871,25,104628.543325
-132.518162,53,104640.315546
-53.498075,172,104675.697146
-121.804255,122,104701.277055
-173.989987,23,104706.726762
-121.764717,185,104745.279212
288.913724,136,104773.828395
-114.058379,73,104789.344956
-117.16834,144,104819.449096
-114.635081,101,104841.670347
-145.086031,90,104861.607444
294.967754,137,104890.213765
313.38103,218,104935.460668
-127.94094,137,104964.799558
-120.251557,62,104978.345545
307.393048,154,105010.527888
-87.787262,159,105043.896595
-200.469099,17,105048.393348
-140.481183,109,105071.836205
-88.585292,81,105088.363682
304.961214,421,105176.90954
-140.045258,109,105200.800678
286.123907,299,105264.190997
-128.101658,164,105299.251184
-132.322001,62,105312.442636
-69.217226,93,105332.590328
-85.302934,84,105350.597387
-97.998709,75,105367.071843
-174.587056,22,105372.358741
-140.058905,47,105382.777597
305.851904,151,105414.052087
-106.440484,163,105448.203346
-169.41749,25,105453.81431
-99.495075,82,105470.99149
287.916731,169,105505.79091
-168.762977,89,105524.9567
-164.531343,172,105562.158938
-115.165391,71,105577.459923
332.497574,308,105642.094541
280.783202,471,105740.674576
295.785594,219,105786.415726
-105.415496,76,105803.659092
-103.04905,72,105819.002416
-170.871413,95,105839.279273
-130.538777,55,105851.387155
288.345735,143,105882.137568
-101.309463,75,105898.13315
-129.257668,99,105920.032738
-120.003719,125,105946.502146
-129.13433,124,105973.039503
-151.021389,141,106003.195607
-121.612943,132,106030.61488
266.530036,317,106097.98513
-73.281979,148,106130.046133
280.773304,163,106164.198291
-97.435375,130,106191.681712
-120.618655,73,106208.058921
261.78179,141,106237.935338
-157.626205,40,106246.770765
-137.285829,57,106259.581755
-149.195372,92,106279.422764
-134.220594,68,106294.967625
-112.521991,69,106309.687123
99.656412,500,106415.578499
302.88835,367,106491.409533
-142.488144,51,106503.10876
-123.491549,108,106525.955009
-122.282134,60,106538.472499
111.949554,500,106642.295218
-57.131701,146,106672.503076
-121.786014,107,106695.297733
316.586519,178,106731.924219
-85.760661,172,106767.929332
-136.649411,61,106781.081234
-159.407832,76,106797.653352
-118.361647,171,106833.286685
-110.759719,171,106869.314991
-130.503404,108,106892.313725
-122.344105,68,106907.031403
-156.787653,40,106916.257126
-72.269535,104,106938.195598
288.913371,254,106990.460257
-141.231451,60,107003.399473
-127.37752,111,107026.446395
268.244717,195,107067.643046
-113.579458,68,107081.895971
253.879233,324,107149.676634
-205.223388,4,107151.229579
-174.366534,30,107158.497352
-141.820054,212,107202.851011
307.016783,196,107242.678857
-164.051385,36,107251.180451
-143.165331,80,107268.770915
291.648436,173,107304.398736
-108.512935,66,107319.082285
314.566701,261,107371.72026
292.957585,244,107421.84391
-167.061754,41,107431.014397
-139.19712,73,107446.823811
-115.207038,74,107463.124878
-136.015707,154,107496.293458
144.980201,500,107600.634614
-158.532592,49,107611.821513
-138.579492,122,107637.589252
-75.797432,131,107664.799911
-90.86444,100,107685.695314
-125.139786,103,107707.09141
-110.382995,77,107723.658957
-159.505905,48,107734.565871
-130.266931,106,107756.630986
-141.555196,62,107769.931416
-143.947221,88,107788.545643
-175.086519,25,107794.51542
-122.992615,71,107810.375617
-85.251358,166,107844.81091
-164.736004,88,107863.52807
-146.99128,65,107877.692544
134.466728,500,107982.79533
309.900245,190,108022.483403
-116.639735,66,108036.013151
-165.980873,41,108045.011798
-133.221501,69,108059.853577
135.823231,500,108165.284869
-71.580098,121,108191.262204
271.281364,144,108222.030556
310.486697,257,108274.564803
255.318291,420,108363.299624
-123.824271,68,108378.402063
-96.721048,83,108396.216764
-133.40182,130,108423.081951
-171.91649,24,108428.643497
-164.491098,71,108444.229358
-115.380214,122,108469.523006
-130.224777,112,108494.203567
-121.239785,111,108516.572751
-170.204268,100,108538.023384
-97.838217,101,108559.313659
-205.740068,21,108564.984073
255.789881,378,108643.6819
-134.259361,69,108658.838001
-130.98568,110,108681.538144
-110.260107,85,108700.742937
284.854077,255,108754.036409
-138.209996,51,108764.772763
-111.03848,135,108793.708429
252.746649,349,108868.093104
-180.954813,140,108898.757151
313.64457,452,108993.802423
-137.798507,50,109004.881124
-170.11344,30,109011.869313
284.890013,284,109070.031581
74.329681,500,109174.343681
-113.624627,92,109193.745185
-140.918145,64,109207.538193
-158.145344,47,109218.014623
-117.17826,95,109238.309812
-117.251515,76,109254.455639
-142.107403,87,109273.395637
-147.451103,85,109292.103102
295.466276,173,109327.102885
134.573433,500,109433.804707
-115.887979,70,109448.680534
-100.347092,84,109466.98493
285.469159,202,109509.784949
302.106855,214,109554.02482
-146.900435,63,109568.176283
-148.759462,82,109585.408822
-114.410755,86,109603.837475
-101.973276,160,109637.33416
138.36161,500,109742.864921
-155.199568,85,109761.354649
-154.056649,46,109771.098681
-179.476636,121,109797.076136
-78.607115,109,109820.626871
-152.395385,114,109845.251166
-110.046649,106,109867.570298
-119.157361,63,109881.179853
283.384983,334,109949.972358
265.487186,449,110043.075838
-90.536391,113,110066.577325
-142.849539,49,110077.78886
-98.756704,124,110103.984126
-103.506615,89,110123.303937
-119.684746,137,110151.742395
-147.3196,100,110173.439234
-100.879555,90,110193.079157
329.493157,225,110239.646863
-154.077275,42,110249.068335
305.334088,185,110287.038957
-81.344463,165,110322.217401
-147.351679,45,110332.369035
-104.132504,82,110350.4286
270.952663,169,110385.965054
-70.497661,106,110408.659135
-102.482834,150,110439.946896
-141.218396,53,110451.501509
-139.370518,81,110468.803491
-136.320579,91,110488.54144
269.620178,180,110526.416959
-158.122015,44,110535.686712
-93.5012,138,110564.762155
-158.845324,74,110580.698529
304.239197,160,110613.50913
-222.40657,213,110659.107775
-106.436651,212,110703.334837
-174.949418,34,110711.043822
-153.51957,79,110727.973861
-104.604232,123,110753.971978
-140.642217,89,110772.924246
-131.530833,178,110810.593825
-110.683845,68,110825.637671
-100.539418,79,110842.452482
-99.760543,78,110859.092145
305.72852,220,110905.029864
46.542935,500,111008.258402
-126.203247,56,111020.770998
-91.44899,81,111037.204437
-164.453649,30,111044.219309
-176.981869,35,111052.83544
90.327931,500,111155.053063
-142.962108,59,111168.785978
-164.953707,68,111183.948116
-80.72851,277,111241.66941
-160.146341,73,111257.998424
-135.487399,68,111273.233263
-138.587106,93,111293.423247
-147.728292,69,111308.282495
-158.500751,35,111316.489446
-121.105487,102,111338.393957
-109.979125,120,111363.81514
-146.523216,45,111373.9554
-83.980384,130,111400.889069
-118.356237,64,111415.078675
-153.244399,86,111433.647032
-92.033857,86,111451.347126
298.159014,156,111485.479744
-72.375944,100,111507.242304
-135.103906,74,111523.175919
-139.326713,63,111537.090647
-98.123661,115,111562.176188
-136.670153,52,111573.582398
-179.574479,51,111584.665141
275.221135,390,111665.510685
287.149027,500,111771.420719
-127.310647,74,111788.223477
297.731249,312,111853.084678
-131.63654,91,111872.020604
133.667769,500,111977.775056
-105.401637,119,112002.934572
-182.626842,49,112013.706962
-164.899503,45,112023.507069
-136.95523,87,112042.328121
-116.707168,67,112056.519056
-112.319183,72,112071.982641
-167.483958,68,112087.305697
-121.919702,99,112107.99374
279.117427,313,112175.219396
-100.325192,131,112203.558626
-128.548094,65,112217.936995
-101.721098,80,112235.905621
68.030512,500,112339.16568
-116.232244,65,112352.809067
-139.862214,62,112366.601268
305.043984,328,112434.692456
-86.718358,129,112461.696851
-86.574013,123,112488.307341
-147.599994,78,112504.623142
-120.435232,77,112521.398003
-107.760327,75,112536.99632
105.258497,500,112639.569884
-98.215858,112,112662.820092
-96.04896,119,112687.931241
-180.413922,20,112692.8993
146.150395,500,112797.730626
-101.154524,85,112816.399011
-146.190385,88,112834.750377
130.128489,500,112939.078826
-140.441002,85,112957.738984
-132.258264,107,112980.669312
-102.763694,198,113022.080914
-79.513584,143,113052.743757
-101.509394,122,113077.944375
-138.437776,93,113097.460317
291.046716,231,113146.019469
-142.853205,81,113163.679311
-114.60655,72,113179.052802
-156.107957,37,113187.476566
-75.712286,132,113215.717595
291.888206,328,113283.709109
248.800025,419,113369.403258
-152.683657,75,113385.934713
-150.123801,125,113413.317863
-114.570051,65,113427.553914
263.581864,306,113492.002349
-138.676935,81,113509.21149
-81.259097,122,113536.048367
-160.438505,68,113550.229037
154.223018,500,113655.442489
-147.796434,52,113666.982069
295.065999,257,113720.84101
-152.313273,40,113729.603159
248.957587,330,113799.000573
257.539117,322,113864.433749
316.397233,175,113901.80955
-148.306017,131,113929.869961
-84.78974,178,113968.042717
-131.623641,171,114003.513111
-125.072492,61,114016.552186
-120.676161,58,114029.625324
327.725747,379,114107.45865
-12.907755,220,114152.529472
-118.459023,91,114172.27007
-164.854511,42,114181.686137
-72.034611,139,114209.659218
-156.415216,72,114225.213474
-86.772905,95,114244.983887
321.459386,163,114278.865376
251.563636,469,114375.542667
-114.279981,132,114402.742166
-155.19882,93,114422.454144
-162.788902,53,114434.234008
-125.927871,76,114450.77441
-111.190307,80,114470.665872
-141.131492,86,114490.566157
-170.071703,92,114513.32669
-113.865632,109,114538.369834
-107.810487,81,114556.908268
-145.828877,90,114578.962759
234.223794,393,114674.914841
139.257548,500,114783.391279
-148.404392,54,114795.839611
256.400816,290,114855.808927
-173.926143,61,114869.67172
-168.357309,72,114885.541996
-147.54799,96,114905.546416
-126.408066,103,114927.393946
-110.915039,103,114948.951677
-130.283581,109,114972.243165
129.164125,500,115077.789055
-166.881234,120,115103.824611
-120.428392,93,115123.230093
281.902793,316,115189.528159
-171.240771,23,115195.100099
-139.477808,123,115220.579619
-89.391497,114,115244.453103
-52.211684,171,115279.46479
-140.282401,62,115292.665806
-116.157895,125,115318.849956
276.014841,335,115389.596194
326.636614,196,115429.813253
-115.392524,135,115458.863918
-152.973049,49,115469.787993
-105.99441,112,115493.379714
264.60378,316,115560.254504
-111.130841,158,115592.789872
-158.064771,67,115607.46524
294.674009,289,115667.231933
-148.655947,46,115677.707419
-147.912634,73,115692.939747
-146.513473,70,115708.342917
31.507151,500,115813.299055
-128.948568,59,115826.381839
-79.161287,183,115864.215406
-155.291614,40,115872.848882
-167.560551,59,115886.153304
-114.985519,79,115903.385684
-119.341912,77,115919.528917
-139.932221,91,115938.261738
-140.012893,89,115956.261564
-161.018528,99,115977.26966
-129.492598,69,115992.154007
-94.820514,137,116020.343421
327.981887,183,116059.822943
-124.237153,66,116074.104693
290.16515,156,116106.083936
54.101884,500,116210.047839
164.842933,500,116312.046652
-136.628627,47,116322.357141
156.842763,500,116427.203691
-131.889741,116,116450.986443
-150.343198,44,116460.565341
-189.21984,63,116473.811166
-148.050531,47,116484.185147
-87.278609,104,116504.582038
-171.024095,24,116509.927315
251.805265,477,116609.096564
-98.75698,79,116626.07426
-116.016966,105,116648.305755
267.006965,462,116745.438504
-151.622522,105,116767.2858
-117.059978,99,116787.872128
-136.912595,48,116798.377405
-157.52908,54,116810.58464
-107.426965,78,116826.595777
276.675404,439,116917.870107
-85.989709,126,116943.892201
-39.212958,157,116975.402096
-113.821182,109,116998.58643
-132.808827,60,117011.711456
-159.085927,45,117021.763174
-118.742079,97,117042.627269
-146.406833,100,117063.524906
-178.407604,29,117070.673659
271.622507,437,117160.292132
-155.999262,70,117175.525237
-121.632467,130,117203.052453
-120.965557,222,117249.839862
-156.32196,33,117257.056398
-135.185566,78,117273.487382
-115.308172,228,117319.758601
-122.83903,104,117341.526858
-151.863258,38,117350.54919
-142.311684,88,117369.107823
-124.48701,68,117383.638708
254.470522,437,117472.19453
296.455317,255,117523.259588
-166.365389,99,117544.181778
-111.477307,84,117562.966848
249.980814,369,117640.199708
-111.043378,323,117706.79246
-142.589785,48,117717.856153
-89.373202,84,117735.49123
-117.886409,75,117750.812042
-141.657165,88,117769.156824
-154.679005,79,117785.261454
-192.977408,84,117802.920141
-186.252543,13,117806.12359
-125.637286,141,117835.531252
-125.298152,142,117864.781304
-132.337839,95,117884.730854
267.845776,299,117945.18115
298.43913,198,117985.869064
-128.285806,93,118005.349205
-124.323735,94,118025.679609
-141.809419,84,118043.215935
-137.293478,76,118059.912852
-114.376999,78,118075.853034
-141.08005,105,118097.254942
314.976695,267,118150.983797
-131.443076,114,118174.409476
-124.361828,111,118197.682439
-189.901138,57,118210.300815
-121.271204,236,118258.797093
-111.19674,127,118285.456906
-140.686582,176,118321.678653
-128.872159,156,118354.785455
-133.597951,197,118395.141624
-85.311119,125,118422.430316
-136.034865,134,118450.845803
-125.742107,52,118462.224236
-113.428631,122,118487.201667
311.61321,226,118533.343422
-168.579527,42,118542.381978
-85.103826,136,118571.574868
-145.983299,82,118589.328956
-116.215882,63,118602.8335
-134.725415,120,118628.328424
-121.01013,95,118648.175773
-187.40871,32,118655.213591
-138.502198,92,118674.352453
-135.31259,104,118695.862349
-145.323586,42,118705.264641
-147.971137,43,118714.67909
-137.452593,54,118726.814275
-164.025232,81,118744.462945
-104.188345,150,118774.407482
-53.78649,288,118835.209438
-179.148762,24,118840.912012
-121.093152,82,118858.130519
-170.979106,72,118873.311457
-113.072166,116,118898.067863
-120.564148,117,118922.506094
-104.910141,102,118943.890452
-120.230431,105,118965.612992
5.013943,198,119007.142986
-109.226051,183,119044.46428
-133.104787,104,119066.471033
-168.542954,80,119082.873458
-169.361755,30,119089.526489
-159.980586,77,119106.456661
252.737712,219,119152.257134
-133.962531,105,119174.208184
292.993017,275,119230.395873
-145.61578,103,119252.102369
-142.278817,98,119271.647133
247.314289,404,119354.524387
-47.692869,150,119386.146088
-118.438625,73,119402.314485
